{"metaVersion":2,"name":"Solicitação Individual de Férias","icon":"fad fa-plane","description":"BPM para Solicitação de Férias dos Colaboradores","executionType":"Ecm","entityVersion":15,"author":"admin","created":"2020-11-07T10:48:20.000","simple":false,"embedded":false,"tag":"Folha","viewName":"BPM_solicitacao_de_ferias","contextVariable":[{"id":"e4e2c39075906cb80175a00d766d1bb4","processId":5,"processVersion":5,"name":"dias_direito","label":"Dias de Direito","variableType":"Integer","orderField":1,"visibleForRequester":false,"deprecated":false,"visibleForDecisionCenter":false},{"id":"e4e2c39075906cb80175a00d76831bbb","processId":5,"processVersion":5,"name":"periodo_ferias","label":"Período Férias","variableType":"Date","orderField":8,"visibleForRequester":false,"deprecated":false,"visibleForDecisionCenter":false},{"id":"e4e2c39075906cb80175a00d76861bbc","processId":5,"processVersion":5,"name":"codigo_empresa","label":"Empresa","variableType":"Integer","orderField":9,"visibleForRequester":false,"deprecated":false,"visibleForDecisionCenter":false},{"id":"e4e2c39075906cb80175a00d76891bbd","processId":5,"processVersion":5,"name":"tipo_colaborador","label":"Tipo do Colaborador","variableType":"Integer","orderField":10,"visibleForRequester":false,"deprecated":false,"visibleForDecisionCenter":false},{"id":"e4e2c39075906cb80175a00d768c1bbe","processId":5,"processVersion":5,"name":"cadastro_colaborador","label":"Matrícula do Colaborador","variableType":"Integer","orderField":11,"visibleForRequester":false,"deprecated":false,"visibleForDecisionCenter":false},{"id":"e4e2c39075906cb80175a01d60961bc0","processId":5,"processVersion":5,"name":"observacao_aprovacao_gestor","label":"Observação Aprovação Gestor","variableType":"String","orderField":12,"visibleForRequester":false,"deprecated":false,"visibleForDecisionCenter":false},{"id":"e4e2c39075906cb80175a01ea6ba1bc6","processId":5,"processVersion":5,"name":"observacao_aprovacao_rh","label":"Observação Aprovação RH","variableType":"String","orderField":13,"visibleForRequester":false,"deprecated":false,"visibleForDecisionCenter":false},{"id":"e4e2c39075906cb80175a00d76701bb5","processId":5,"processVersion":5,"name":"quantidade_programacoes","label":"Quantidade de Programações","variableType":"Integer","orderField":2,"visibleForRequester":false,"deprecated":false,"visibleForDecisionCenter":false},{"id":"e4e2c39075906cb80175a00d76731bb6","processId":5,"processVersion":5,"name":"nome_usuario_chefe","label":"Nome do Usuário Chefe","variableType":"String","orderField":3,"visibleForRequester":false,"deprecated":false,"visibleForDecisionCenter":false},{"id":"e4e2c39075906cb80175a00d76761bb7","processId":5,"processVersion":5,"name":"data_inicio_ferias","label":"Data de Início Férias","variableType":"Date","orderField":4,"visibleForRequester":false,"deprecated":false,"visibleForDecisionCenter":false},{"id":"e4e2c39075906cb80175a00d76791bb8","processId":5,"processVersion":5,"name":"dias_ferias","label":"Dias de Férias","variableType":"Integer","orderField":5,"visibleForRequester":false,"deprecated":false,"visibleForDecisionCenter":false},{"id":"e4e2c39075906cb80175a00d767c1bb9","processId":5,"processVersion":5,"name":"dias_abono","label":"Dias de Abono","variableType":"Integer","orderField":6,"visibleForRequester":false,"deprecated":false,"visibleForDecisionCenter":false},{"id":"e4e2c39075906cb80175a00d766a1bb3","processId":5,"processVersion":5,"name":"periodo","label":"Período Aquisitivo","variableType":"String","orderField":0,"visibleForRequester":false,"deprecated":false,"visibleForDecisionCenter":false},{"id":"e4e2c39075906cb80175a00d767f1bba","processId":5,"processVersion":5,"name":"adiantamento_13_ferias","label":"Adiantamento 13º Férias","variableType":"String","orderField":7,"visibleForRequester":false,"deprecated":false,"visibleForDecisionCenter":false}],"services":[{"id":"e4e2c39075906cb80175a00a30be1b9b","name":"criarProgramacaoFerias","execution":"TASK","protocol":"REST","method":"POST","url":"https://ec2-3-230-118-166.compute-1.amazonaws.com:8181/SXI/G5Rest?server\u003dhttp://ec2-3-236-189-38.compute-1.amazonaws.com:8080\u0026module\u003drubi\u0026service\u003dworkflow.senior\u0026port\u003dcriarProgramacaoFerias\u0026serverAuth\u003dhttps://platform-homologx.senior.com.br:8243","params":[{"id":"e4e2c39075906cb80175a00d761c1ba6","name":"resultado","input":false,"paramType":"String"},{"id":"e4e2c39075906cb80175a00d761d1bab","name":"iniPer","input":true,"paramType":"Date"},{"id":"e4e2c39075906cb80175a00d761e1bac","name":"numEmp","input":true,"paramType":"Integer"},{"id":"e4e2c39075906cb80175a00d761e1bad","name":"tipCol","input":true,"paramType":"Integer"},{"id":"e4e2c39075906cb80175a00d761e1bae","name":"numCad","input":true,"paramType":"Integer"},{"id":"e4e2c39075906cb80175a00d761c1ba7","name":"proDat","input":true,"paramType":"Date"},{"id":"e4e2c39075906cb80175a00d761c1ba8","name":"proDfe","input":true,"paramType":"Integer"},{"id":"e4e2c39075906cb80175a00d761d1ba9","name":"proDab","input":true,"paramType":"Integer"},{"id":"e4e2c39075906cb80175a00d761d1baa","name":"pro13S","input":true,"paramType":"String"}]}],"customAssignments":[],"form":{"name":"solicitacao_ferias","title":"Solicitação de Férias","version":15,"fields":[{"name":"periodo","type":"String","label":"Período Aquisitivo","size":"50%","order":0,"required":false,"validationRegex":"","tooltip":"Período Aquisitivo de Férias","datasource":{"type":"Query","config":"{\"name\":\"buscaPeriodoFerias\",\"field\":\"desPer\",\"filters\":[]}"},"appWorkflow":false,"isBreakLine":true},{"name":"dias_direito","type":"Integer","label":"Dias de Direito","size":"25%","order":1,"required":false,"validationRegex":"","tooltip":"Dias de Direito de Férias","mask":"0","datasource":{"type":"Resulting","config":"{\"formField\":\"periodo\",\"dataSourceField\":\"qtdDir\"}"},"appWorkflow":false,"isBreakLine":false},{"name":"quantidade_programacoes","type":"Integer","label":"Quantidade de Programações","size":"25%","order":2,"required":false,"validationRegex":"","tooltip":"","mask":"0","datasource":{"type":"Resulting","config":"{\"formField\":\"periodo\",\"dataSourceField\":\"qtdProg\"}"},"appWorkflow":false,"isBreakLine":false},{"name":"nome_usuario_chefe","type":"String","label":"Nome do Usuário Chefe","size":"50%","order":3,"required":false,"validationRegex":"","tooltip":"","mask":"","datasource":{"type":"Resulting","config":"{\"formField\":\"periodo\",\"dataSourceField\":\"nomUsuChe\"}"},"appWorkflow":false,"isBreakLine":true},{"name":"data_inicio_ferias","type":"Date","label":"Data de Início Férias","size":"25%","order":4,"required":false,"validationRegex":"","tooltip":"","mask":"DD/MM/AAAA","appWorkflow":false,"isBreakLine":false},{"name":"dias_ferias","type":"Integer","label":"Dias de Férias","size":"25%","order":5,"required":false,"validationRegex":"","tooltip":"Dias de Férias para o Colaborador","mask":"0","appWorkflow":false,"isBreakLine":false},{"name":"dias_abono","type":"Integer","label":"Dias de Abono","size":"25%","order":6,"required":false,"validationRegex":"","tooltip":"","mask":"0","appWorkflow":false,"isBreakLine":false},{"name":"adiantamento_13_ferias","type":"List","label":"Adiantamento 13º Férias","size":"25%","order":7,"items":[{"value":"Sim"},{"value":"Não"}],"required":false,"validationRegex":"","tooltip":"","mask":"","appWorkflow":false,"isBreakLine":true},{"name":"periodo_ferias","type":"Date","label":"Período Férias","size":"25%","order":8,"required":false,"validationRegex":"","tooltip":"","mask":"DD/MM/AAAA","datasource":{"type":"Resulting","config":"{\"formField\":\"periodo\",\"dataSourceField\":\"iniPer\"}"},"appWorkflow":false,"isBreakLine":false},{"name":"codigo_empresa","type":"Integer","label":"Empresa","size":"25%","order":9,"required":false,"validationRegex":"","tooltip":"Código da Empresa","mask":"0","datasource":{"type":"Resulting","config":"{\"formField\":\"periodo\",\"dataSourceField\":\"numEmp\"}"},"appWorkflow":false,"isBreakLine":false},{"name":"tipo_colaborador","type":"Integer","label":"Tipo do Colaborador","size":"25%","order":10,"required":false,"validationRegex":"","tooltip":"","datasource":{"type":"Resulting","config":"{\"formField\":\"periodo\",\"dataSourceField\":\"tipCol\"}"},"appWorkflow":false,"isBreakLine":false},{"name":"cadastro_colaborador","type":"Integer","label":"Matrícula do Colaborador","size":"25%","order":11,"required":false,"validationRegex":"","tooltip":"","datasource":{"type":"Resulting","config":"{\"formField\":\"periodo\",\"dataSourceField\":\"numCad\"}"},"appWorkflow":false,"isBreakLine":false},{"name":"observacao_aprovacao_gestor","type":"TextArea","label":"Observação Aprovação Gestor","size":"100%","order":12,"required":false,"validationRegex":"","tooltip":"Observações referentes à aprovação da solicitação de férias","mask":"4","appWorkflow":false,"isBreakLine":true},{"name":"observacao_aprovacao_rh","type":"TextArea","label":"Observação Aprovação RH","size":"100%","order":13,"required":false,"validationRegex":"","tooltip":"Observações referentes à aprovação da solicitação de férias","mask":"4","appWorkflow":false,"isBreakLine":false}],"formLayout":"{\"layoutElements\":[],\"jsonVersion\":1}","internal":false,"formRules":[{"triggerType":"ON_FIELD_EXIT","triggerFields":["dias_direito","dias_ferias","dias_abono"],"condition":"${dias_direito}\u003e0\u0026\u0026((${dias_ferias}+${dias_abono})\u003e${dias_direito})","actions":[{"type":"MAKE_FIELDS_CONSISTENCE","message":"A soma dos dias de férias e abono não podem ser superior a quantidade de dias de direito do colaborador","fields":["dias_ferias"]}],"enabled":true},{"triggerType":"ON_FIELD_EXIT","triggerFields":["quantidade_programacoes"],"condition":"${quantidade_programacoes}\u003e1","actions":[{"type":"DISABLE_FIELDS","fields":["dias_abono","adiantamento_13_ferias"]}],"enabled":true}]},"entity":{"name":"solicitacao_ferias","title":"solicitacao_ferias","type":"FORM","attributes":[{"name":"adiantamento_13_ferias","type":"String"},{"name":"cadastro_colaborador","type":"Integer"},{"name":"codigo_empresa","type":"Integer"},{"name":"codigo_usuario_chefe","type":"Integer"},{"name":"data_inicio_ferias","type":"Date"},{"name":"dias_abono","type":"Integer"},{"name":"dias_direito","type":"Integer"},{"name":"dias_ferias","type":"Integer"},{"name":"empresa","type":"Integer"},{"name":"nome_usuario_chefe","type":"String"},{"name":"papel_rh_ferias","type":"String"},{"name":"periodo","type":"String"},{"name":"periodo_1","type":"String"},{"name":"periodo_ferias","type":"Date"},{"name":"quantidade_programacoes","type":"Integer"},{"name":"tipo_colaborador","type":"Integer"},{"name":"observacao_aprovacao_gestor","type":"String"},{"name":"observacao_aprovacao_rh","type":"String"}]},"dataSources":[{"id":3,"name":"buscaPeriodoFerias","format":"JSON","dataUrl":"https://ec2-3-230-118-166.compute-1.amazonaws.com:8181/SXI/G5Rest?server\u003dhttp://localhost:8080\u0026module\u003drubi\u0026service\u003dworkflow.senior\u0026port\u003dbuscaPeriodoFerias\u0026serverAuth\u003dhttps://platform-homologx.senior.com.br:8243\u0026DATASOURCEATTRNAME\u003dperiodos","jsonRootElement":"periodos","entityName":"","filterSupport":false,"fields":[{"name":"qtdProg","description":"Quantidade Programações","type":"Integer","fieldOrder":0},{"name":"qtdDir","description":"Dias de Direito","type":"Integer","fieldOrder":1},{"name":"desPer","description":"Período Aquisitivo","type":"String","fieldOrder":2},{"name":"nomUsuChe","description":"Nome Usuário do Chefe","type":"String","fieldOrder":3},{"name":"iniPer","description":"Período Férias","type":"Date","fieldOrder":4},{"name":"numEmp","description":"Código Empresa","type":"Integer","fieldOrder":5},{"name":"tipCol","description":"Tipo Colaborador","type":"Integer","fieldOrder":6},{"name":"numCad","description":"Cadastro Colaborador","type":"Integer","fieldOrder":7}]}],"variableVisibility":"ALWAYS","taskVisibleAfterTreated":false}